lat,lon,category,source_dbz,recon_dbz,error_dbz
44.795,-103.975,2,,,
44.795,-103.965,1,11.0,11.0,0.0
44.795,-103.955,1,7.0,7.0,0.0
44.795,-103.945,1,14.0,14.0,0.0
44.795,-103.935,1,16.0,16.0,0.0
44.795,-103.925,1,18.5,18.5,0.0
44.795,-103.915,1,20.5,20.5,0.0
44.795,-103.905,1,21.5,21.5,0.0
44.795,-103.895,1,26.5,26.5,0.0
44.795,-103.885,1,24.5,24.5,0.0
44.795,-103.875,1,25.0,25.0,0.0
44.795,-103.865,1,22.5,22.5,0.0
44.795,-103.855,1,25.5,25.5,0.0
44.795,-103.845,1,19.0,19.0,0.0
44.795,-103.835,1,22.0,22.0,0.0
44.795,-103.825,1,22.0,22.0,0.0
44.795,-103.815,1,23.5,23.5,0.0
44.795,-103.805,1,20.5,20.5,0.0
44.795,-103.795,1,18.5,18.5,0.0
44.795,-103.785,1,25.5,25.5,0.0
44.795,-103.775,1,23.5,23.5,0.0
44.795,-103.765,1,26.5,26.5,0.0
44.795,-103.755,1,22.5,22.5,0.0
44.795,-103.745,1,23.5,23.5,0.0
44.795,-103.735,1,22.5,22.5,0.0
44.795,-103.725,1,24.5,24.5,0.0
44.795,-103.715,1,25.0,25.0,0.0
44.795,-103.705,1,23.5,23.5,0.0
44.795,-103.695,1,26.0,26.0,0.0
44.795,-103.685,1,23.5,23.5,0.0
44.795,-103.675,1,26.5,26.5,0.0
44.795,-103.665,1,27.5,27.5,0.0
44.795,-103.655,1,26.5,26.5,0.0
44.795,-103.645,1,28.0,28.0,0.0
44.795,-103.635,1,34.0,34.0,0.0
44.795,-103.625,1,35.5,35.5,0.0
44.795,-103.615,1,38.5,38.5,0.0
44.795,-103.605,1,36.5,36.5,0.0
44.795,-103.595,1,38.0,38.0,0.0
44.795,-103.585,1,33.0,33.0,0.0
44.795,-103.575,1,32.0,32.0,0.0
44.795,-103.565,1,29.0,29.0,0.0
44.795,-103.555,1,30.0,30.0,0.0
44.795,-103.545,1,32.0,32.0,0.0
44.795,-103.535,1,29.0,29.0,0.0
44.795,-103.525,1,31.5,31.5,0.0
44.795,-103.515,1,32.0,32.0,0.0
44.795,-103.505,1,29.0,29.0,0.0
44.795,-103.495,1,31.0,31.0,0.0
44.795,-103.485,1,32.0,32.0,0.0
44.795,-103.475,1,33.5,33.5,0.0
44.795,-103.465,1,32.5,32.5,0.0
44.795,-103.455,1,31.0,31.0,0.0
44.785,-103.975,1,7.0,7.0,0.0
44.785,-103.965,1,11.0,11.0,0.0
44.785,-103.955,1,10.0,10.0,0.0
44.785,-103.945,1,5.5,5.5,0.0
44.785,-103.935,1,9.0,9.0,0.0
44.785,-103.925,1,16.0,16.0,0.0
44.785,-103.915,1,16.0,16.0,0.0
44.785,-103.905,1,22.5,22.5,0.0
44.785,-103.895,1,22.5,22.5,0.0
44.785,-103.885,1,25.5,25.5,0.0
44.785,-103.875,1,26.0,26.0,0.0
44.785,-103.865,1,26.5,26.5,0.0
44.785,-103.855,1,28.0,28.0,0.0
44.785,-103.845,1,24.0,24.0,0.0
44.785,-103.835,1,26.0,26.0,0.0
44.785,-103.825,1,24.0,24.0,0.0
44.785,-103.815,1,22.5,22.5,0.0
44.785,-103.805,1,24.0,24.0,0.0
44.785,-103.795,1,27.0,27.0,0.0
44.785,-103.785,1,26.5,26.5,0.0
44.785,-103.775,1,26.5,26.5,0.0
44.785,-103.765,1,23.0,23.0,0.0
44.785,-103.755,1,21.5,21.5,0.0
44.785,-103.745,1,20.5,20.5,0.0
44.785,-103.735,1,19.5,19.5,0.0
44.785,-103.725,1,20.5,20.5,0.0
44.785,-103.715,1,19.0,19.0,0.0
44.785,-103.705,1,23.0,23.0,0.0
44.785,-103.695,1,22.5,22.5,0.0
44.785,-103.685,1,30.0,30.0,0.0
44.785,-103.675,1,28.0,28.0,0.0
44.785,-103.665,1,27.5,27.5,0.0
44.785,-103.655,1,29.5,29.5,0.0
44.785,-103.645,1,32.0,32.0,0.0
44.785,-103.635,1,32.5,32.5,0.0
44.785,-103.625,1,37.5,37.5,0.0
44.785,-103.615,1,41.0,41.0,0.0
44.785,-103.605,1,38.5,38.5,0.0
44.785,-103.595,1,32.5,32.5,0.0
44.785,-103.585,1,31.5,31.5,0.0
44.785,-103.575,1,30.0,30.0,0.0
44.785,-103.565,1,30.0,30.0,0.0
44.785,-103.555,1,32.0,32.0,0.0
44.785,-103.545,1,28.5,28.5,0.0
44.785,-103.535,1,30.0,30.0,0.0
44.785,-103.525,1,31.5,31.5,0.0
44.785,-103.515,1,32.0,32.0,0.0
44.785,-103.505,1,33.0,33.0,0.0
44.785,-103.495,1,31.5,31.5,0.0
44.785,-103.485,1,33.5,33.5,0.0
44.785,-103.475,1,32.0,32.0,0.0
44.785,-103.465,1,30.0,30.0,0.0
44.785,-103.455,1,32.5,32.5,0.0
44.775,-103.975,1,10.0,10.0,0.0
44.775,-103.965,2,,,
44.775,-103.955,2,,,
44.775,-103.945,2,,,
44.775,-103.935,2,,,
44.775,-103.925,1,10.5,10.5,0.0
44.775,-103.915,1,9.5,9.5,0.0
44.775,-103.905,1,19.0,19.0,0.0
44.775,-103.895,1,19.0,19.0,0.0
44.775,-103.885,1,24.5,24.5,0.0
44.775,-103.875,1,24.0,24.0,0.0
44.775,-103.865,1,25.5,25.5,0.0
44.775,-103.855,1,27.5,27.5,0.0
44.775,-103.845,1,25.0,25.0,0.0
44.775,-103.835,1,18.5,18.5,0.0
44.775,-103.825,1,19.0,19.0,0.0
44.775,-103.815,1,25.0,25.0,0.0
44.775,-103.805,1,26.5,26.5,0.0
44.775,-103.795,1,28.5,28.5,0.0
44.775,-103.785,1,28.5,28.5,0.0
44.775,-103.775,1,24.5,24.5,0.0
44.775,-103.765,1,20.0,20.0,0.0
44.775,-103.755,1,20.0,20.0,0.0
44.775,-103.745,1,22.5,22.5,0.0
44.775,-103.735,1,22.0,22.0,0.0
44.775,-103.725,1,25.0,25.0,0.0
44.775,-103.715,1,25.0,25.0,0.0
44.775,-103.705,1,26.0,26.0,0.0
44.775,-103.695,1,30.5,30.5,0.0
44.775,-103.685,1,27.0,27.0,0.0
44.775,-103.675,1,26.5,26.5,0.0
44.775,-103.665,1,28.0,28.0,0.0
44.775,-103.655,1,27.5,27.5,0.0
44.775,-103.645,1,32.0,32.0,0.0
44.775,-103.635,1,34.0,34.0,0.0
44.775,-103.625,1,36.5,36.5,0.0
44.775,-103.615,1,37.0,37.0,0.0
44.775,-103.605,1,36.0,36.0,0.0
44.775,-103.595,1,32.5,32.5,0.0
44.775,-103.585,1,28.0,28.0,0.0
44.775,-103.575,1,27.5,27.5,0.0
44.775,-103.565,1,25.0,25.0,0.0
44.775,-103.555,1,27.0,27.0,0.0
44.775,-103.545,1,29.5,29.5,0.0
44.775,-103.535,1,28.5,28.5,0.0
44.775,-103.525,1,29.0,29.0,0.0
44.775,-103.515,1,34.0,34.0,0.0
44.775,-103.505,1,33.0,33.0,0.0
44.775,-103.495,1,32.5,32.5,0.0
44.775,-103.485,1,29.5,29.5,0.0
44.775,-103.475,1,29.5,29.5,0.0
44.775,-103.465,1,32.5,32.5,0.0
44.775,-103.455,1,31.0,31.0,0.0
44.765,-103.975,2,,,
44.765,-103.965,2,,,
44.765,-103.955,2,,,
44.765,-103.945,2,,,
44.765,-103.935,2,,,
44.765,-103.925,2,,,
44.765,-103.915,2,,,
44.765,-103.905,1,11.5,11.5,0.0
44.765,-103.895,1,12.5,12.5,0.0
44.765,-103.885,1,19.0,19.0,0.0
44.765,-103.875,1,22.0,22.0,0.0
44.765,-103.865,1,17.0,17.0,0.0
44.765,-103.855,1,17.0,17.0,0.0
44.765,-103.845,1,14.0,14.0,0.0
44.765,-103.835,1,13.5,13.5,0.0
44.765,-103.825,1,8.0,8.0,0.0
44.765,-103.815,1,20.0,20.0,0.0
44.765,-103.805,1,18.0,18.0,0.0
44.765,-103.795,1,17.0,17.0,0.0
44.765,-103.785,1,25.0,25.0,0.0
44.765,-103.775,1,21.5,21.5,0.0
44.765,-103.765,1,26.0,26.0,0.0
44.765,-103.755,1,25.5,25.5,0.0
44.765,-103.745,1,24.5,24.5,0.0
44.765,-103.735,1,25.0,25.0,0.0
44.765,-103.725,1,25.0,25.0,0.0
44.765,-103.715,1,28.5,28.5,0.0
44.765,-103.705,1,29.0,29.0,0.0
44.765,-103.695,1,25.5,25.5,0.0
44.765,-103.685,1,25.5,25.5,0.0
44.765,-103.675,1,28.5,28.5,0.0
44.765,-103.665,1,32.0,32.0,0.0
44.765,-103.655,1,30.0,30.0,0.0
44.765,-103.645,1,34.5,34.5,0.0
44.765,-103.635,1,36.5,36.5,0.0
44.765,-103.625,1,35.0,35.0,0.0
44.765,-103.615,1,33.0,33.0,0.0
44.765,-103.605,1,33.5,33.5,0.0
44.765,-103.595,1,34.0,34.0,0.0
44.765,-103.585,1,28.0,28.0,0.0
44.765,-103.575,1,26.5,26.5,0.0
44.765,-103.565,1,29.5,29.5,0.0
44.765,-103.555,1,31.0,31.0,0.0
44.765,-103.545,1,33.5,33.5,0.0
44.765,-103.535,1,30.0,30.0,0.0
44.765,-103.525,1,32.5,32.5,0.0
44.765,-103.515,1,36.0,36.0,0.0
44.765,-103.505,1,34.5,34.5,0.0
44.765,-103.495,1,30.5,30.5,0.0
44.765,-103.485,1,35.5,35.5,0.0
44.765,-103.475,1,33.5,33.5,0.0
44.765,-103.465,1,33.5,33.5,0.0
44.765,-103.455,1,34.5,34.5,0.0
44.755,-103.975,2,,,
44.755,-103.965,2,,,
44.755,-103.955,2,,,
44.755,-103.945,2,,,
44.755,-103.935,2,,,
44.755,-103.925,2,,,
44.755,-103.915,2,,,
44.755,-103.905,2,,,
44.755,-103.895,1,13.0,13.0,0.0
44.755,-103.885,2,,,
44.755,-103.875,2,,,
44.755,-103.865,2,,,
44.755,-103.855,2,,,
44.755,-103.845,2,,,
44.755,-103.835,2,,,
44.755,-103.825,2,,,
44.755,-103.815,2,,,
44.755,-103.805,1,13.5,13.5,0.0
44.755,-103.795,1,12.5,12.5,0.0
44.755,-103.785,1,18.5,18.5,0.0
44.755,-103.775,1,13.0,13.0,0.0
44.755,-103.765,1,19.5,19.5,0.0
44.755,-103.755,1,17.0,17.0,0.0
44.755,-103.745,1,20.0,20.0,0.0
44.755,-103.735,1,27.0,27.0,0.0
44.755,-103.725,1,29.0,29.0,0.0
44.755,-103.715,1,28.5,28.5,0.0
44.755,-103.705,1,28.0,28.0,0.0
44.755,-103.695,1,28.0,28.0,0.0
44.755,-103.685,1,27.5,27.5,0.0
44.755,-103.675,1,26.5,26.5,0.0
44.755,-103.665,1,27.5,27.5,0.0
44.755,-103.655,1,32.0,32.0,0.0
44.755,-103.645,1,33.5,33.5,0.0
44.755,-103.635,1,33.0,33.0,0.0
44.755,-103.625,1,33.0,33.0,0.0
44.755,-103.615,1,33.0,33.0,0.0
44.755,-103.605,1,34.0,34.0,0.0
44.755,-103.595,1,33.0,33.0,0.0
44.755,-103.585,1,31.0,31.0,0.0
44.755,-103.575,1,26.0,26.0,0.0
44.755,-103.565,1,28.5,28.5,0.0
44.755,-103.555,1,33.0,33.0,0.0
44.755,-103.545,1,30.0,30.0,0.0
44.755,-103.535,1,32.5,32.5,0.0
44.755,-103.525,1,34.5,34.5,0.0
44.755,-103.515,1,29.5,29.5,0.0
44.755,-103.505,1,29.0,29.0,0.0
44.755,-103.495,1,31.0,31.0,0.0
44.755,-103.485,1,31.5,31.5,0.0
44.755,-103.475,1,32.5,32.5,0.0
44.755,-103.465,1,29.0,29.0,0.0
44.755,-103.455,1,33.0,33.0,0.0
44.745,-103.975,2,,,
44.745,-103.965,2,,,
44.745,-103.955,2,,,
44.745,-103.945,2,,,
44.745,-103.935,2,,,
44.745,-103.925,2,,,
44.745,-103.915,2,,,
44.745,-103.905,2,,,
44.745,-103.895,2,,,
44.745,-103.885,2,,,
44.745,-103.875,2,,,
44.745,-103.865,2,,,
44.745,-103.855,2,,,
44.745,-103.845,2,,,
44.745,-103.835,2,,,
44.745,-103.825,2,,,
44.745,-103.815,2,,,
44.745,-103.805,2,,,
44.745,-103.795,2,,,
44.745,-103.785,1,6.0,6.0,0.0
44.745,-103.775,2,,,
44.745,-103.765,1,6.0,6.0,0.0
44.745,-103.755,1,13.5,13.5,0.0
44.745,-103.745,1,16.5,16.5,0.0
44.745,-103.735,1,28.5,28.5,0.0
44.745,-103.725,1,30.5,30.5,0.0
44.745,-103.715,1,31.0,31.0,0.0
44.745,-103.705,1,31.0,31.0,0.0
44.745,-103.695,1,28.0,28.0,0.0
44.745,-103.685,1,29.0,29.0,0.0
44.745,-103.675,1,33.0,33.0,0.0
44.745,-103.665,1,32.5,32.5,0.0
44.745,-103.655,1,26.5,26.5,0.0
44.745,-103.645,1,28.0,28.0,0.0
44.745,-103.635,1,24.0,24.0,0.0
44.745,-103.625,1,26.5,26.5,0.0
44.745,-103.615,1,28.0,28.0,0.0
44.745,-103.605,1,33.5,33.5,0.0
44.745,-103.595,1,31.5,31.5,0.0
44.745,-103.585,1,30.5,30.5,0.0
44.745,-103.575,1,30.5,30.5,0.0
44.745,-103.565,1,34.0,34.0,0.0
44.745,-103.555,1,32.5,32.5,0.0
44.745,-103.545,1,35.0,35.0,0.0
44.745,-103.535,1,30.5,30.5,0.0
44.745,-103.525,1,23.5,23.5,0.0
44.745,-103.515,1,27.0,27.0,0.0
44.745,-103.505,1,22.5,22.5,0.0
44.745,-103.495,1,24.0,24.0,0.0
44.745,-103.485,1,29.5,29.5,0.0
44.745,-103.475,1,29.0,29.0,0.0
44.745,-103.465,1,32.0,32.0,0.0
44.745,-103.455,1,32.0,32.0,0.0
44.735,-103.975,2,,,
44.735,-103.965,2,,,
44.735,-103.955,2,,,
44.735,-103.945,2,,,
44.735,-103.935,2,,,
44.735,-103.925,2,,,
44.735,-103.915,2,,,
44.735,-103.905,2,,,
44.735,-103.895,2,,,
44.735,-103.885,2,,,
44.735,-103.875,2,,,
44.735,-103.865,2,,,
44.735,-103.855,2,,,
44.735,-103.845,2,,,
44.735,-103.835,2,,,
44.735,-103.825,2,,,
44.735,-103.815,2,,,
44.735,-103.805,2,,,
44.735,-103.795,2,,,
44.735,-103.785,2,,,
44.735,-103.775,2,,,
44.735,-103.765,1,6.0,6.0,0.0
44.735,-103.755,1,11.5,11.5,0.0
44.735,-103.745,1,20.5,20.5,0.0
44.735,-103.735,1,28.5,28.5,0.0
44.735,-103.725,1,27.0,27.0,0.0
44.735,-103.715,1,29.0,29.0,0.0
44.735,-103.705,1,29.0,29.0,0.0
44.735,-103.695,1,29.0,29.0,0.0
44.735,-103.685,1,26.5,26.5,0.0
44.735,-103.675,1,27.5,27.5,0.0
44.735,-103.665,1,28.5,28.5,0.0
44.735,-103.655,1,23.5,23.5,0.0
44.735,-103.645,1,27.5,27.5,0.0
44.735,-103.635,1,25.0,25.0,0.0
44.735,-103.625,1,27.0,27.0,0.0
44.735,-103.615,1,27.5,27.5,0.0
44.735,-103.605,1,27.5,27.5,0.0
44.735,-103.595,1,25.5,25.5,0.0
44.735,-103.585,1,30.5,30.5,0.0
44.735,-103.575,1,33.5,33.5,0.0
44.735,-103.565,1,32.0,32.0,0.0
44.735,-103.555,1,34.0,34.0,0.0
44.735,-103.545,1,31.5,31.5,0.0
44.735,-103.535,1,30.0,30.0,0.0
44.735,-103.525,1,31.0,31.0,0.0
44.735,-103.515,1,32.0,32.0,0.0
44.735,-103.505,1,31.0,31.0,0.0
44.735,-103.495,1,28.0,28.0,0.0
44.735,-103.485,1,25.0,25.0,0.0
44.735,-103.475,1,27.5,27.5,0.0
44.735,-103.465,1,29.5,29.5,0.0
44.735,-103.455,1,26.5,26.5,0.0
44.725,-103.975,2,,,
44.725,-103.965,2,,,
44.725,-103.955,2,,,
44.725,-103.945,2,,,
44.725,-103.935,2,,,
44.725,-103.925,2,,,
44.725,-103.915,2,,,
44.725,-103.905,2,,,
44.725,-103.895,2,,,
44.725,-103.885,2,,,
44.725,-103.875,2,,,
44.725,-103.865,2,,,
44.725,-103.855,2,,,
44.725,-103.845,2,,,
44.725,-103.835,2,,,
44.725,-103.825,2,,,
44.725,-103.815,2,,,
44.725,-103.805,2,,,
44.725,-103.795,2,,,
44.725,-103.785,1,10.5,10.5,0.0
44.725,-103.775,1,17.5,17.5,0.0
44.725,-103.765,1,13.5,13.5,0.0
44.725,-103.755,1,16.0,16.0,0.0
44.725,-103.745,1,19.5,19.5,0.0
44.725,-103.735,1,27.5,27.5,0.0
44.725,-103.725,1,30.5,30.5,0.0
44.725,-103.715,1,33.0,33.0,0.0
44.725,-103.705,1,27.0,27.0,0.0
44.725,-103.695,1,25.0,25.0,0.0
44.725,-103.685,1,29.5,29.5,0.0
44.725,-103.675,1,31.5,31.5,0.0
44.725,-103.665,1,31.0,31.0,0.0
44.725,-103.655,1,26.5,26.5,0.0
44.725,-103.645,1,21.0,21.0,0.0
44.725,-103.635,1,24.0,24.0,0.0
44.725,-103.625,1,27.5,27.5,0.0
44.725,-103.615,1,26.5,26.5,0.0
44.725,-103.605,1,30.0,30.0,0.0
44.725,-103.595,1,34.5,34.5,0.0
44.725,-103.585,1,30.5,30.5,0.0
44.725,-103.575,1,31.5,31.5,0.0
44.725,-103.565,1,33.0,33.0,0.0
44.725,-103.555,1,36.5,36.5,0.0
44.725,-103.545,1,29.5,29.5,0.0
44.725,-103.535,1,31.0,31.0,0.0
44.725,-103.525,1,30.5,30.5,0.0
44.725,-103.515,1,32.0,32.0,0.0
44.725,-103.505,1,28.5,28.5,0.0
44.725,-103.495,1,29.5,29.5,0.0
44.725,-103.485,1,24.5,24.5,0.0
44.725,-103.475,1,28.0,28.0,0.0
44.725,-103.465,1,16.0,16.0,0.0
44.725,-103.455,1,11.5,11.5,0.0
44.715,-103.975,2,,,
44.715,-103.965,2,,,
44.715,-103.955,2,,,
44.715,-103.945,2,,,
44.715,-103.935,2,,,
44.715,-103.925,2,,,
44.715,-103.915,2,,,
44.715,-103.905,2,,,
44.715,-103.895,2,,,
44.715,-103.885,2,,,
44.715,-103.875,2,,,
44.715,-103.865,2,,,
44.715,-103.855,2,,,
44.715,-103.845,2,,,
44.715,-103.835,2,,,
44.715,-103.825,2,,,
44.715,-103.815,2,,,
44.715,-103.805,2,,,
44.715,-103.795,1,7.5,7.5,0.0
44.715,-103.785,1,18.5,18.5,0.0
44.715,-103.775,1,21.0,21.0,0.0
44.715,-103.765,1,20.0,20.0,0.0
44.715,-103.755,1,19.0,19.0,0.0
44.715,-103.745,1,24.0,24.0,0.0
44.715,-103.735,1,27.5,27.5,0.0
44.715,-103.725,1,32.5,32.5,0.0
44.715,-103.715,1,32.0,32.0,0.0
44.715,-103.705,1,29.5,29.5,0.0
44.715,-103.695,1,28.0,28.0,0.0
44.715,-103.685,1,31.5,31.5,0.0
44.715,-103.675,1,30.0,30.0,0.0
44.715,-103.665,1,28.0,28.0,0.0
44.715,-103.655,1,25.5,25.5,0.0
44.715,-103.645,1,25.0,25.0,0.0
44.715,-103.635,1,32.5,32.5,0.0
44.715,-103.625,1,34.0,34.0,0.0
44.715,-103.615,1,37.0,37.0,0.0
44.715,-103.605,1,34.0,34.0,0.0
44.715,-103.595,1,31.5,31.5,0.0
44.715,-103.585,1,31.5,31.5,0.0
44.715,-103.575,1,32.0,32.0,0.0
44.715,-103.565,1,36.5,36.5,0.0
44.715,-103.555,1,35.0,35.0,0.0
44.715,-103.545,1,38.5,38.5,0.0
44.715,-103.535,1,31.5,31.5,0.0
44.715,-103.525,1,29.5,29.5,0.0
44.715,-103.515,1,34.5,34.5,0.0
44.715,-103.505,1,32.5,32.5,0.0
44.715,-103.495,1,27.0,27.0,0.0
44.715,-103.485,1,22.0,22.0,0.0
44.715,-103.475,1,22.0,22.0,0.0
44.715,-103.465,1,17.0,17.0,0.0
44.715,-103.455,1,11.0,11.0,0.0
44.705,-103.975,2,,,
44.705,-103.965,2,,,
44.705,-103.955,2,,,
44.705,-103.945,2,,,
44.705,-103.935,2,,,
44.705,-103.925,2,,,
44.705,-103.915,2,,,
44.705,-103.905,2,,,
44.705,-103.895,2,,,
44.705,-103.885,2,,,
44.705,-103.875,2,,,
44.705,-103.865,2,,,
44.705,-103.855,2,,,
44.705,-103.845,2,,,
44.705,-103.835,2,,,
44.705,-103.825,2,,,
44.705,-103.815,2,,,
44.705,-103.805,2,,,
44.705,-103.795,1,11.5,11.5,0.0
44.705,-103.785,1,24.0,24.0,0.0
44.705,-103.775,1,26.0,26.0,0.0
44.705,-103.765,1,24.5,24.5,0.0
44.705,-103.755,1,22.0,22.0,0.0
44.705,-103.745,1,25.5,25.5,0.0
44.705,-103.735,1,32.0,32.0,0.0
44.705,-103.725,1,36.5,36.5,0.0
44.705,-103.715,1,35.5,35.5,0.0
44.705,-103.705,1,32.5,32.5,0.0
44.705,-103.695,1,33.0,33.0,0.0
44.705,-103.685,1,32.0,32.0,0.0
44.705,-103.675,1,31.5,31.5,0.0
44.705,-103.665,1,26.0,26.0,0.0
44.705,-103.655,1,31.5,31.5,0.0
44.705,-103.645,1,33.0,33.0,0.0
44.705,-103.635,1,29.5,29.5,0.0
44.705,-103.625,1,29.0,29.0,0.0
44.705,-103.615,1,28.5,28.5,0.0
44.705,-103.605,1,32.5,32.5,0.0
44.705,-103.595,1,31.0,31.0,0.0
44.705,-103.585,1,25.5,25.5,0.0
44.705,-103.575,1,28.5,28.5,0.0
44.705,-103.565,1,34.0,34.0,0.0
44.705,-103.555,1,33.0,33.0,0.0
44.705,-103.545,1,29.5,29.5,0.0
44.705,-103.535,1,31.5,31.5,0.0
44.705,-103.525,1,24.5,24.5,0.0
44.705,-103.515,1,18.5,18.5,0.0
44.705,-103.505,1,17.5,17.5,0.0
44.705,-103.495,1,10.5,10.5,0.0
44.705,-103.485,1,12.0,12.0,0.0
44.705,-103.475,1,7.5,7.5,0.0
44.705,-103.465,1,14.0,14.0,0.0
44.705,-103.455,2,,,
44.695,-103.975,2,,,
44.695,-103.965,2,,,
44.695,-103.955,2,,,
44.695,-103.945,2,,,
44.695,-103.935,2,,,
44.695,-103.925,2,,,
44.695,-103.915,2,,,
44.695,-103.905,2,,,
44.695,-103.895,2,,,
44.695,-103.885,2,,,
44.695,-103.875,2,,,
44.695,-103.865,2,,,
44.695,-103.855,2,,,
44.695,-103.845,2,,,
44.695,-103.835,2,,,
44.695,-103.825,2,,,
44.695,-103.815,2,,,
44.695,-103.805,1,5.0,5.0,0.0
44.695,-103.795,1,17.5,17.5,0.0
44.695,-103.785,1,29.0,29.0,0.0
44.695,-103.775,1,29.5,29.5,0.0
44.695,-103.765,1,30.5,30.5,0.0
44.695,-103.755,1,26.0,26.0,0.0
44.695,-103.745,1,30.5,30.5,0.0
44.695,-103.735,1,38.5,38.5,0.0
44.695,-103.725,1,37.5,37.5,0.0
44.695,-103.715,1,34.0,34.0,0.0
44.695,-103.705,1,35.5,35.5,0.0
44.695,-103.695,1,30.0,30.0,0.0
44.695,-103.685,1,37.5,37.5,0.0
44.695,-103.675,1,31.5,31.5,0.0
44.695,-103.665,1,32.0,32.0,0.0
44.695,-103.655,1,34.5,34.5,0.0
44.695,-103.645,1,33.0,33.0,0.0
44.695,-103.635,1,31.0,31.0,0.0
44.695,-103.625,1,26.0,26.0,0.0
44.695,-103.615,1,28.0,28.0,0.0
44.695,-103.605,1,26.0,26.0,0.0
44.695,-103.595,1,22.5,22.5,0.0
44.695,-103.585,1,23.5,23.5,0.0
44.695,-103.575,1,27.0,27.0,0.0
44.695,-103.565,1,29.0,29.0,0.0
44.695,-103.555,1,35.0,35.0,0.0
44.695,-103.545,1,29.5,29.5,0.0
44.695,-103.535,1,21.5,21.5,0.0
44.695,-103.525,1,11.0,11.0,0.0
44.695,-103.515,1,11.0,11.0,0.0
44.695,-103.505,1,7.0,7.0,0.0
44.695,-103.495,1,9.0,9.0,0.0
44.695,-103.485,1,8.5,8.5,0.0
44.695,-103.475,1,7.5,7.5,0.0
44.695,-103.465,2,,,
44.695,-103.455,2,,,
44.685,-103.975,2,,,
44.685,-103.965,2,,,
44.685,-103.955,2,,,
44.685,-103.945,2,,,
44.685,-103.935,2,,,
44.685,-103.925,2,,,
44.685,-103.915,2,,,
44.685,-103.905,2,,,
44.685,-103.895,2,,,
44.685,-103.885,2,,,
44.685,-103.875,2,,,
44.685,-103.865,2,,,
44.685,-103.855,2,,,
44.685,-103.845,2,,,
44.685,-103.835,2,,,
44.685,-103.825,2,,,
44.685,-103.815,2,,,
44.685,-103.805,2,,,
44.685,-103.795,1,12.0,12.0,0.0
44.685,-103.785,1,28.5,28.5,0.0
44.685,-103.775,1,33.0,33.0,0.0
44.685,-103.765,1,35.5,35.5,0.0
44.685,-103.755,1,35.0,35.0,0.0
44.685,-103.745,1,34.0,34.0,0.0
44.685,-103.735,1,39.0,39.0,0.0
44.685,-103.725,1,38.5,38.5,0.0
44.685,-103.715,1,39.0,39.0,0.0
44.685,-103.705,1,29.0,29.0,0.0
44.685,-103.695,1,36.5,36.5,0.0
44.685,-103.685,1,35.5,35.5,0.0
44.685,-103.675,1,35.5,35.5,0.0
44.685,-103.665,1,37.5,37.5,0.0
44.685,-103.655,1,34.0,34.0,0.0
44.685,-103.645,1,29.0,29.0,0.0
44.685,-103.635,1,26.0,26.0,0.0
44.685,-103.625,1,22.0,22.0,0.0
44.685,-103.615,1,17.5,17.5,0.0
44.685,-103.605,1,23.5,23.5,0.0
44.685,-103.595,1,22.5,22.5,0.0
44.685,-103.585,1,26.0,26.0,0.0
44.685,-103.575,1,29.5,29.5,0.0
44.685,-103.565,1,30.5,30.5,0.0
44.685,-103.555,1,23.0,23.0,0.0
44.685,-103.545,1,17.0,17.0,0.0
44.685,-103.535,1,13.0,13.0,0.0
44.685,-103.525,1,9.0,9.0,0.0
44.685,-103.515,1,7.5,7.5,0.0
44.685,-103.505,1,12.0,12.0,0.0
44.685,-103.495,1,10.0,10.0,0.0
44.685,-103.485,1,4.0,4.0,0.0
44.685,-103.475,2,,,
44.685,-103.465,2,,,
44.685,-103.455,2,,,
44.675,-103.975,2,,,
44.675,-103.965,2,,,
44.675,-103.955,2,,,
44.675,-103.945,2,,,
44.675,-103.935,2,,,
44.675,-103.925,2,,,
44.675,-103.915,2,,,
44.675,-103.905,2,,,
44.675,-103.895,2,,,
44.675,-103.885,2,,,
44.675,-103.875,2,,,
44.675,-103.865,2,,,
44.675,-103.855,2,,,
44.675,-103.845,2,,,
44.675,-103.835,2,,,
44.675,-103.825,2,,,
44.675,-103.815,2,,,
44.675,-103.805,1,10.5,10.5,0.0
44.675,-103.795,1,18.5,18.5,0.0
44.675,-103.785,1,30.0,30.0,0.0
44.675,-103.775,1,32.5,32.5,0.0
44.675,-103.765,1,32.5,32.5,0.0
44.675,-103.755,1,34.5,34.5,0.0
44.675,-103.745,1,35.0,35.0,0.0
44.675,-103.735,1,39.5,39.5,0.0
44.675,-103.725,1,41.0,41.0,0.0
44.675,-103.715,1,40.0,40.0,0.0
44.675,-103.705,1,37.0,37.0,0.0
44.675,-103.695,1,40.5,40.5,0.0
44.675,-103.685,1,36.5,36.5,0.0
44.675,-103.675,1,37.0,37.0,0.0
44.675,-103.665,1,34.5,34.5,0.0
44.675,-103.655,1,29.5,29.5,0.0
44.675,-103.645,1,29.5,29.5,0.0
44.675,-103.635,1,27.5,27.5,0.0
44.675,-103.625,1,22.0,22.0,0.0
44.675,-103.615,1,19.0,19.0,0.0
44.675,-103.605,1,17.0,17.0,0.0
44.675,-103.595,1,22.0,22.0,0.0
44.675,-103.585,1,32.5,32.5,0.0
44.675,-103.575,1,33.5,33.5,0.0
44.675,-103.565,1,23.0,23.0,0.0
44.675,-103.555,1,15.5,15.5,0.0
44.675,-103.545,1,11.5,11.5,0.0
44.675,-103.535,1,10.0,10.0,0.0
44.675,-103.525,1,10.5,10.5,0.0
44.675,-103.515,1,7.0,7.0,0.0
44.675,-103.505,1,8.5,8.5,0.0
44.675,-103.495,1,10.5,10.5,0.0
44.675,-103.485,1,11.0,11.0,0.0
44.675,-103.475,2,,,
44.675,-103.465,2,,,
44.675,-103.455,2,,,
44.665,-103.975,2,,,
44.665,-103.965,2,,,
44.665,-103.955,2,,,
44.665,-103.945,2,,,
44.665,-103.935,2,,,
44.665,-103.925,2,,,
44.665,-103.915,2,,,
44.665,-103.905,2,,,
44.665,-103.895,2,,,
44.665,-103.885,2,,,
44.665,-103.875,2,,,
44.665,-103.865,2,,,
44.665,-103.855,2,,,
44.665,-103.845,2,,,
44.665,-103.835,2,,,
44.665,-103.825,2,,,
44.665,-103.815,1,6.0,6.0,0.0
44.665,-103.805,1,16.0,16.0,0.0
44.665,-103.795,1,29.0,29.0,0.0
44.665,-103.785,1,32.0,32.0,0.0
44.665,-103.775,1,31.0,31.0,0.0
44.665,-103.765,1,29.0,29.0,0.0
44.665,-103.755,1,33.0,33.0,0.0
44.665,-103.745,1,38.5,38.5,0.0
44.665,-103.735,1,39.0,39.0,0.0
44.665,-103.725,1,41.5,41.5,0.0
44.665,-103.715,1,46.0,46.0,0.0
44.665,-103.705,1,45.5,45.5,0.0
44.665,-103.695,1,48.5,48.5,0.0
44.665,-103.685,1,38.0,38.0,0.0
44.665,-103.675,1,36.5,36.5,0.0
44.665,-103.665,1,37.0,37.0,0.0
44.665,-103.655,1,31.5,31.5,0.0
44.665,-103.645,1,30.0,30.0,0.0
44.665,-103.635,1,27.0,27.0,0.0
44.665,-103.625,1,23.5,23.5,0.0
44.665,-103.615,1,20.0,20.0,0.0
44.665,-103.605,1,22.0,22.0,0.0
44.665,-103.595,1,29.0,29.0,0.0
44.665,-103.585,1,27.0,27.0,0.0
44.665,-103.575,1,21.5,21.5,0.0
44.665,-103.565,1,15.0,15.0,0.0
44.665,-103.555,1,11.5,11.5,0.0
44.665,-103.545,1,13.5,13.5,0.0
44.665,-103.535,1,11.5,11.5,0.0
44.665,-103.525,1,11.5,11.5,0.0
44.665,-103.515,1,13.0,13.0,0.0
44.665,-103.505,1,10.5,10.5,0.0
44.665,-103.495,1,9.5,9.5,0.0
44.665,-103.485,2,,,
44.665,-103.475,2,,,
44.665,-103.465,2,,,
44.665,-103.455,2,,,
44.655,-103.975,2,,,
44.655,-103.965,2,,,
44.655,-103.955,2,,,
44.655,-103.945,2,,,
44.655,-103.935,2,,,
44.655,-103.925,2,,,
44.655,-103.915,2,,,
44.655,-103.905,2,,,
44.655,-103.895,2,,,
44.655,-103.885,2,,,
44.655,-103.875,2,,,
44.655,-103.865,2,,,
44.655,-103.855,2,,,
44.655,-103.845,2,,,
44.655,-103.835,2,,,
44.655,-103.825,2,,,
44.655,-103.815,1,16.5,16.5,0.0
44.655,-103.805,1,24.0,24.0,0.0
44.655,-103.795,1,25.5,25.5,0.0
44.655,-103.785,1,29.0,29.0,0.0
44.655,-103.775,1,26.5,26.5,0.0
44.655,-103.765,1,26.5,26.5,0.0
44.655,-103.755,1,33.0,33.0,0.0
44.655,-103.745,1,34.5,34.5,0.0
44.655,-103.735,1,36.5,36.5,0.0
44.655,-103.725,1,40.0,40.0,0.0
44.655,-103.715,1,48.0,48.0,0.0
44.655,-103.705,1,52.0,52.0,0.0
44.655,-103.695,1,54.5,54.5,0.0
44.655,-103.685,1,45.5,45.5,0.0
44.655,-103.675,1,37.0,37.0,0.0
44.655,-103.665,1,36.0,36.0,0.0
44.655,-103.655,1,35.5,35.5,0.0
44.655,-103.645,1,32.5,32.5,0.0
44.655,-103.635,1,29.0,29.0,0.0
44.655,-103.625,1,26.5,26.5,0.0
44.655,-103.615,1,26.5,26.5,0.0
44.655,-103.605,1,29.0,29.0,0.0
44.655,-103.595,1,21.0,21.0,0.0
44.655,-103.585,1,18.5,18.5,0.0
44.655,-103.575,1,16.0,16.0,0.0
44.655,-103.565,1,10.5,10.5,0.0
44.655,-103.555,1,12.0,12.0,0.0
44.655,-103.545,1,13.0,13.0,0.0
44.655,-103.535,1,15.0,15.0,0.0
44.655,-103.525,1,10.0,10.0,0.0
44.655,-103.515,1,12.0,12.0,0.0
44.655,-103.505,1,14.5,14.5,0.0
44.655,-103.495,2,,,
44.655,-103.485,2,,,
44.655,-103.475,2,,,
44.655,-103.465,2,,,
44.655,-103.455,2,,,
44.645,-103.975,2,,,
44.645,-103.965,2,,,
44.645,-103.955,2,,,
44.645,-103.945,2,,,
44.645,-103.935,2,,,
44.645,-103.925,2,,,
44.645,-103.915,2,,,
44.645,-103.905,2,,,
44.645,-103.895,2,,,
44.645,-103.885,2,,,
44.645,-103.875,2,,,
44.645,-103.865,2,,,
44.645,-103.855,2,,,
44.645,-103.845,2,,,
44.645,-103.835,2,,,
44.645,-103.825,1,6.5,6.5,0.0
44.645,-103.815,1,14.5,14.5,0.0
44.645,-103.805,1,21.0,21.0,0.0
44.645,-103.795,1,25.0,25.0,0.0
44.645,-103.785,1,23.5,23.5,0.0
44.645,-103.775,1,24.0,24.0,0.0
44.645,-103.765,1,29.5,29.5,0.0
44.645,-103.755,1,36.5,36.5,0.0
44.645,-103.745,1,42.5,42.5,0.0
44.645,-103.735,1,41.0,41.0,0.0
44.645,-103.725,1,44.0,44.0,0.0
44.645,-103.715,1,53.0,53.0,0.0
44.645,-103.705,1,57.5,57.5,0.0
44.645,-103.695,1,56.5,56.5,0.0
44.645,-103.685,1,42.0,42.0,0.0
44.645,-103.675,1,35.5,35.5,0.0
44.645,-103.665,1,34.0,34.0,0.0
44.645,-103.655,1,31.0,31.0,0.0
44.645,-103.645,1,27.5,27.5,0.0
44.645,-103.635,1,29.5,29.5,0.0
44.645,-103.625,1,26.5,26.5,0.0
44.645,-103.615,1,20.5,20.5,0.0
44.645,-103.605,1,23.5,23.5,0.0
44.645,-103.595,1,16.0,16.0,0.0
44.645,-103.585,1,12.0,12.0,0.0
44.645,-103.575,1,13.0,13.0,0.0
44.645,-103.565,1,11.5,11.5,0.0
44.645,-103.555,1,26.0,26.0,0.0
44.645,-103.545,1,30.0,30.0,0.0
44.645,-103.535,1,15.5,15.5,0.0
44.645,-103.525,1,17.5,17.5,0.0
44.645,-103.515,1,16.5,16.5,0.0
44.645,-103.505,1,9.0,9.0,0.0
44.645,-103.495,1,7.5,7.5,0.0
44.645,-103.485,2,,,
44.645,-103.475,2,,,
44.645,-103.465,2,,,
44.645,-103.455,2,,,
44.635,-103.975,2,,,
44.635,-103.965,2,,,
44.635,-103.955,2,,,
44.635,-103.945,2,,,
44.635,-103.935,2,,,
44.635,-103.925,2,,,
44.635,-103.915,2,,,
44.635,-103.905,2,,,
44.635,-103.895,2,,,
44.635,-103.885,2,,,
44.635,-103.875,2,,,
44.635,-103.865,2,,,
44.635,-103.855,2,,,
44.635,-103.845,2,,,
44.635,-103.835,1,15.0,15.0,0.0
44.635,-103.825,1,20.0,20.0,0.0
44.635,-103.815,1,26.5,26.5,0.0
44.635,-103.805,1,29.0,29.0,0.0
44.635,-103.795,1,33.0,33.0,0.0
44.635,-103.785,1,28.5,28.5,0.0
44.635,-103.775,1,32.0,32.0,0.0
44.635,-103.765,1,37.0,37.0,0.0
44.635,-103.755,1,43.5,43.5,0.0
44.635,-103.745,1,46.0,46.0,0.0
44.635,-103.735,1,46.5,46.5,0.0
44.635,-103.725,1,45.5,45.5,0.0
44.635,-103.715,1,52.5,52.5,0.0
44.635,-103.705,1,57.0,57.0,0.0
44.635,-103.695,1,55.0,55.0,0.0
44.635,-103.685,1,44.0,44.0,0.0
44.635,-103.675,1,37.0,37.0,0.0
44.635,-103.665,1,36.5,36.5,0.0
44.635,-103.655,1,37.0,37.0,0.0
44.635,-103.645,1,34.0,34.0,0.0
44.635,-103.635,1,38.0,38.0,0.0
44.635,-103.625,1,27.5,27.5,0.0
44.635,-103.615,1,23.0,23.0,0.0
44.635,-103.605,1,15.5,15.5,0.0
44.635,-103.595,1,15.5,15.5,0.0
44.635,-103.585,1,9.5,9.5,0.0
44.635,-103.575,1,10.0,10.0,0.0
44.635,-103.565,1,31.0,31.0,0.0
44.635,-103.555,1,36.5,36.5,0.0
44.635,-103.545,1,38.5,38.5,0.0
44.635,-103.535,1,28.0,28.0,0.0
44.635,-103.525,1,23.0,23.0,0.0
44.635,-103.515,1,21.0,21.0,0.0
44.635,-103.505,1,15.0,15.0,0.0
44.635,-103.495,2,,,
44.635,-103.485,2,,,
44.635,-103.475,2,,,
44.635,-103.465,2,,,
44.635,-103.455,2,,,
44.625,-103.975,2,,,
44.625,-103.965,2,,,
44.625,-103.955,2,,,
44.625,-103.945,2,,,
44.625,-103.935,2,,,
44.625,-103.925,2,,,
44.625,-103.915,2,,,
44.625,-103.905,2,,,
44.625,-103.895,2,,,
44.625,-103.885,2,,,
44.625,-103.875,2,,,
44.625,-103.865,2,,,
44.625,-103.855,2,,,
44.625,-103.845,2,,,
44.625,-103.835,1,16.0,16.0,0.0
44.625,-103.825,1,28.5,28.5,0.0
44.625,-103.815,1,31.5,31.5,0.0
44.625,-103.805,1,35.0,35.0,0.0
44.625,-103.795,1,32.5,32.5,0.0
44.625,-103.785,1,33.5,33.5,0.0
44.625,-103.775,1,42.5,42.5,0.0
44.625,-103.765,1,49.0,49.0,0.0
44.625,-103.755,1,48.0,48.0,0.0
44.625,-103.745,1,47.0,47.0,0.0
44.625,-103.735,1,48.0,48.0,0.0
44.625,-103.725,1,53.5,53.5,0.0
44.625,-103.715,1,58.0,58.0,0.0
44.625,-103.705,1,53.5,53.5,0.0
44.625,-103.695,1,43.5,43.5,0.0
44.625,-103.685,1,37.0,37.0,0.0
44.625,-103.675,1,32.5,32.5,0.0
44.625,-103.665,1,38.5,38.5,0.0
44.625,-103.655,1,46.5,46.5,0.0
44.625,-103.645,1,46.5,46.5,0.0
44.625,-103.635,1,36.0,36.0,0.0
44.625,-103.625,1,26.0,26.0,0.0
44.625,-103.615,1,16.5,16.5,0.0
44.625,-103.605,1,12.0,12.0,0.0
44.625,-103.595,1,9.0,9.0,0.0
44.625,-103.585,1,21.0,21.0,0.0
44.625,-103.575,1,42.5,42.5,0.0
44.625,-103.565,1,44.5,44.5,0.0
44.625,-103.555,1,47.5,47.5,0.0
44.625,-103.545,1,45.0,45.0,0.0
44.625,-103.535,1,44.5,44.5,0.0
44.625,-103.525,1,34.5,34.5,0.0
44.625,-103.515,1,26.0,26.0,0.0
44.625,-103.505,2,,,
44.625,-103.495,2,,,
44.625,-103.485,2,,,
44.625,-103.475,2,,,
44.625,-103.465,2,,,
44.625,-103.455,2,,,
44.615,-103.975,2,,,
44.615,-103.965,2,,,
44.615,-103.955,2,,,
44.615,-103.945,2,,,
44.615,-103.935,2,,,
44.615,-103.925,2,,,
44.615,-103.915,2,,,
44.615,-103.905,2,,,
44.615,-103.895,2,,,
44.615,-103.885,2,,,
44.615,-103.875,2,,,
44.615,-103.865,2,,,
44.615,-103.855,2,,,
44.615,-103.845,2,,,
44.615,-103.835,1,24.0,24.0,0.0
44.615,-103.825,1,27.0,27.0,0.0
44.615,-103.815,1,32.5,32.5,0.0
44.615,-103.805,1,31.0,31.0,0.0
44.615,-103.795,1,31.5,31.5,0.0
44.615,-103.785,1,36.5,36.5,0.0
44.615,-103.775,1,46.0,46.0,0.0
44.615,-103.765,1,50.0,50.0,0.0
44.615,-103.755,1,49.5,49.5,0.0
44.615,-103.745,1,52.0,52.0,0.0
44.615,-103.735,1,52.0,52.0,0.0
44.615,-103.725,1,56.0,56.0,0.0
44.615,-103.715,1,52.5,52.5,0.0
44.615,-103.705,1,40.5,40.5,0.0
44.615,-103.695,1,39.0,39.0,0.0
44.615,-103.685,1,33.0,33.0,0.0
44.615,-103.675,1,30.5,30.5,0.0
44.615,-103.665,1,39.0,39.0,0.0
44.615,-103.655,1,47.5,47.5,0.0
44.615,-103.645,1,43.5,43.5,0.0
44.615,-103.635,1,37.5,37.5,0.0
44.615,-103.625,1,20.5,20.5,0.0
44.615,-103.615,1,19.0,19.0,0.0
44.615,-103.605,1,15.5,15.5,0.0
44.615,-103.595,1,29.0,29.0,0.0
44.615,-103.585,1,42.0,42.0,0.0
44.615,-103.575,1,51.0,51.0,0.0
44.615,-103.565,1,45.5,45.5,0.0
44.615,-103.555,1,38.0,38.0,0.0
44.615,-103.545,1,37.5,37.5,0.0
44.615,-103.535,1,22.5,22.5,0.0
44.615,-103.525,2,,,
44.615,-103.515,2,,,
44.615,-103.505,2,,,
44.615,-103.495,2,,,
44.615,-103.485,2,,,
44.615,-103.475,2,,,
44.615,-103.465,2,,,
44.615,-103.455,2,,,
44.605,-103.975,2,,,
44.605,-103.965,2,,,
44.605,-103.955,2,,,
44.605,-103.945,2,,,
44.605,-103.935,2,,,
44.605,-103.925,2,,,
44.605,-103.915,2,,,
44.605,-103.905,2,,,
44.605,-103.895,2,,,
44.605,-103.885,2,,,
44.605,-103.875,2,,,
44.605,-103.865,2,,,
44.605,-103.855,2,,,
44.605,-103.845,2,,,
44.605,-103.835,1,21.0,21.0,0.0
44.605,-103.825,1,18.5,18.5,0.0
44.605,-103.815,1,26.5,26.5,0.0
44.605,-103.805,1,23.5,23.5,0.0
44.605,-103.795,1,24.5,24.5,0.0
44.605,-103.785,1,22.5,22.5,0.0
44.605,-103.775,1,37.0,37.0,0.0
44.605,-103.765,1,46.0,46.0,0.0
44.605,-103.755,1,42.5,42.5,0.0
44.605,-103.745,1,47.0,47.0,0.0
44.605,-103.735,1,46.5,46.5,0.0
44.605,-103.725,1,45.5,45.5,0.0
44.605,-103.715,1,43.0,43.0,0.0
44.605,-103.705,1,34.5,34.5,0.0
44.605,-103.695,1,32.5,32.5,0.0
44.605,-103.685,1,32.0,32.0,0.0
44.605,-103.675,1,31.5,31.5,0.0
44.605,-103.665,1,37.0,37.0,0.0
44.605,-103.655,1,37.0,37.0,0.0
44.605,-103.645,1,29.0,29.0,0.0
44.605,-103.635,1,25.5,25.5,0.0
44.605,-103.625,1,23.0,23.0,0.0
44.605,-103.615,1,24.0,24.0,0.0
44.605,-103.605,1,35.5,35.5,0.0
44.605,-103.595,1,43.5,43.5,0.0
44.605,-103.585,1,35.0,35.0,0.0
44.605,-103.575,1,32.0,32.0,0.0
44.605,-103.565,1,21.5,21.5,0.0
44.605,-103.555,1,10.0,10.0,0.0
44.605,-103.545,2,,,
44.605,-103.535,2,,,
44.605,-103.525,2,,,
44.605,-103.515,2,,,
44.605,-103.505,2,,,
44.605,-103.495,2,,,
44.605,-103.485,2,,,
44.605,-103.475,2,,,
44.605,-103.465,2,,,
44.605,-103.455,2,,,
44.595,-103.975,2,,,
44.595,-103.965,2,,,
44.595,-103.955,2,,,
44.595,-103.945,2,,,
44.595,-103.935,2,,,
44.595,-103.925,2,,,
44.595,-103.915,2,,,
44.595,-103.905,2,,,
44.595,-103.895,2,,,
44.595,-103.885,2,,,
44.595,-103.875,2,,,
44.595,-103.865,2,,,
44.595,-103.855,2,,,
44.595,-103.845,2,,,
44.595,-103.835,1,5.5,5.5,0.0
44.595,-103.825,1,4.0,4.0,0.0
44.595,-103.815,1,14.0,14.0,0.0
44.595,-103.805,1,14.0,14.0,0.0
44.595,-103.795,1,17.5,17.5,0.0
44.595,-103.785,1,23.5,23.5,0.0
44.595,-103.775,1,25.5,25.5,0.0
44.595,-103.765,1,30.5,30.5,0.0
44.595,-103.755,1,41.0,41.0,0.0
44.595,-103.745,1,43.0,43.0,0.0
44.595,-103.735,1,46.5,46.5,0.0
44.595,-103.725,1,43.0,43.0,0.0
44.595,-103.715,1,40.5,40.5,0.0
44.595,-103.705,1,31.0,31.0,0.0
44.595,-103.695,1,39.0,39.0,0.0
44.595,-103.685,1,42.0,42.0,0.0
44.595,-103.675,1,43.5,43.5,0.0
44.595,-103.665,1,42.0,42.0,0.0
44.595,-103.655,1,36.5,36.5,0.0
44.595,-103.645,1,31.5,31.5,0.0
44.595,-103.635,1,25.5,25.5,0.0
44.595,-103.625,1,21.5,21.5,0.0
44.595,-103.615,1,16.0,16.0,0.0
44.595,-103.605,1,18.0,18.0,0.0
44.595,-103.595,1,9.5,9.5,0.0
44.595,-103.585,1,11.5,11.5,0.0
44.595,-103.575,2,,,
44.595,-103.565,2,,,
44.595,-103.555,2,,,
44.595,-103.545,2,,,
44.595,-103.535,2,,,
44.595,-103.525,2,,,
44.595,-103.515,2,,,
44.595,-103.505,2,,,
44.595,-103.495,2,,,
44.595,-103.485,2,,,
44.595,-103.475,2,,,
44.595,-103.465,2,,,
44.595,-103.455,2,,,
44.585,-103.975,2,,,
44.585,-103.965,2,,,
44.585,-103.955,2,,,
44.585,-103.945,2,,,
44.585,-103.935,2,,,
44.585,-103.925,2,,,
44.585,-103.915,2,,,
44.585,-103.905,2,,,
44.585,-103.895,2,,,
44.585,-103.885,2,,,
44.585,-103.875,2,,,
44.585,-103.865,2,,,
44.585,-103.855,2,,,
44.585,-103.845,2,,,
44.585,-103.835,1,7.0,7.0,0.0
44.585,-103.825,1,11.0,11.0,0.0
44.585,-103.815,1,10.5,10.5,0.0
44.585,-103.805,1,11.5,11.5,0.0
44.585,-103.795,1,24.0,24.0,0.0
44.585,-103.785,1,26.0,26.0,0.0
44.585,-103.775,1,31.0,31.0,0.0
44.585,-103.765,1,36.0,36.0,0.0
44.585,-103.755,1,42.0,42.0,0.0
44.585,-103.745,1,48.0,48.0,0.0
44.585,-103.735,1,47.5,47.5,0.0
44.585,-103.725,1,44.5,44.5,0.0
44.585,-103.715,1,36.5,36.5,0.0
44.585,-103.705,1,37.0,37.0,0.0
44.585,-103.695,1,34.5,34.5,0.0
44.585,-103.685,1,38.5,38.5,0.0
44.585,-103.675,1,35.0,35.0,0.0
44.585,-103.665,1,34.5,34.5,0.0
44.585,-103.655,1,31.5,31.5,0.0
44.585,-103.645,1,27.5,27.5,0.0
44.585,-103.635,1,16.0,16.0,0.0
44.585,-103.625,1,11.0,11.0,0.0
44.585,-103.615,1,10.0,10.0,0.0
44.585,-103.605,2,,,
44.585,-103.595,2,,,
44.585,-103.585,2,,,
44.585,-103.575,2,,,
44.585,-103.565,2,,,
44.585,-103.555,2,,,
44.585,-103.545,2,,,
44.585,-103.535,2,,,
44.585,-103.525,2,,,
44.585,-103.515,2,,,
44.585,-103.505,2,,,
44.585,-103.495,2,,,
44.585,-103.485,2,,,
44.585,-103.475,2,,,
44.585,-103.465,2,,,
44.585,-103.455,2,,,
44.575,-103.975,2,,,
44.575,-103.965,2,,,
44.575,-103.955,2,,,
44.575,-103.945,2,,,
44.575,-103.935,2,,,
44.575,-103.925,2,,,
44.575,-103.915,2,,,
44.575,-103.905,2,,,
44.575,-103.895,2,,,
44.575,-103.885,2,,,
44.575,-103.875,2,,,
44.575,-103.865,2,,,
44.575,-103.855,2,,,
44.575,-103.845,2,,,
44.575,-103.835,2,,,
44.575,-103.825,1,5.5,5.5,0.0
44.575,-103.815,2,,,
44.575,-103.805,1,13.5,13.5,0.0
44.575,-103.795,1,22.5,22.5,0.0
44.575,-103.785,1,30.5,30.5,0.0
44.575,-103.775,1,35.0,35.0,0.0
44.575,-103.765,1,38.5,38.5,0.0
44.575,-103.755,1,48.0,48.0,0.0
44.575,-103.745,1,49.5,49.5,0.0
44.575,-103.735,1,48.0,48.0,0.0
44.575,-103.725,1,43.5,43.5,0.0
44.575,-103.715,1,37.5,37.5,0.0
44.575,-103.705,1,36.5,36.5,0.0
44.575,-103.695,1,34.5,34.5,0.0
44.575,-103.685,1,36.0,36.0,0.0
44.575,-103.675,1,35.5,35.5,0.0
44.575,-103.665,1,34.0,34.0,0.0
44.575,-103.655,1,30.0,30.0,0.0
44.575,-103.645,1,20.5,20.5,0.0
44.575,-103.635,1,12.0,12.0,0.0
44.575,-103.625,2,,,
44.575,-103.615,2,,,
44.575,-103.605,2,,,
44.575,-103.595,2,,,
44.575,-103.585,2,,,
44.575,-103.575,2,,,
44.575,-103.565,2,,,
44.575,-103.555,2,,,
44.575,-103.545,2,,,
44.575,-103.535,2,,,
44.575,-103.525,2,,,
44.575,-103.515,2,,,
44.575,-103.505,2,,,
44.575,-103.495,2,,,
44.575,-103.485,2,,,
44.575,-103.475,2,,,
44.575,-103.465,2,,,
44.575,-103.455,2,,,
44.565,-103.975,2,,,
44.565,-103.965,2,,,
44.565,-103.955,2,,,
44.565,-103.945,2,,,
44.565,-103.935,2,,,
44.565,-103.925,2,,,
44.565,-103.915,2,,,
44.565,-103.905,2,,,
44.565,-103.895,2,,,
44.565,-103.885,2,,,
44.565,-103.875,2,,,
44.565,-103.865,2,,,
44.565,-103.855,2,,,
44.565,-103.845,2,,,
44.565,-103.835,2,,,
44.565,-103.825,2,,,
44.565,-103.815,2,,,
44.565,-103.805,1,15.5,15.5,0.0
44.565,-103.795,1,24.5,24.5,0.0
44.565,-103.785,1,34.5,34.5,0.0
44.565,-103.775,1,39.5,39.5,0.0
44.565,-103.765,1,38.5,38.5,0.0
44.565,-103.755,1,43.5,43.5,0.0
44.565,-103.745,1,48.0,48.0,0.0
44.565,-103.735,1,47.5,47.5,0.0
44.565,-103.725,1,39.0,39.0,0.0
44.565,-103.715,1,39.0,39.0,0.0
44.565,-103.705,1,36.0,36.0,0.0
44.565,-103.695,1,34.0,34.0,0.0
44.565,-103.685,1,34.5,34.5,0.0
44.565,-103.675,1,34.0,34.0,0.0
44.565,-103.665,1,31.0,31.0,0.0
44.565,-103.655,1,23.0,23.0,0.0
44.565,-103.645,1,20.5,20.5,0.0
44.565,-103.635,1,16.0,16.0,0.0
44.565,-103.625,2,,,
44.565,-103.615,2,,,
44.565,-103.605,2,,,
44.565,-103.595,2,,,
44.565,-103.585,2,,,
44.565,-103.575,2,,,
44.565,-103.565,2,,,
44.565,-103.555,2,,,
44.565,-103.545,2,,,
44.565,-103.535,2,,,
44.565,-103.525,2,,,
44.565,-103.515,2,,,
44.565,-103.505,2,,,
44.565,-103.495,2,,,
44.565,-103.485,2,,,
44.565,-103.475,2,,,
44.565,-103.465,2,,,
44.565,-103.455,2,,,
44.555,-103.975,2,,,
44.555,-103.965,2,,,
44.555,-103.955,2,,,
44.555,-103.945,2,,,
44.555,-103.935,2,,,
44.555,-103.925,2,,,
44.555,-103.915,2,,,
44.555,-103.905,2,,,
44.555,-103.895,2,,,
44.555,-103.885,2,,,
44.555,-103.875,2,,,
44.555,-103.865,2,,,
44.555,-103.855,2,,,
44.555,-103.845,2,,,
44.555,-103.835,2,,,
44.555,-103.825,2,,,
44.555,-103.815,2,,,
44.555,-103.805,1,12.5,12.5,0.0
44.555,-103.795,1,31.5,31.5,0.0
44.555,-103.785,1,39.0,39.0,0.0
44.555,-103.775,1,44.0,44.0,0.0
44.555,-103.765,1,45.0,45.0,0.0
44.555,-103.755,1,48.0,48.0,0.0
44.555,-103.745,1,48.0,48.0,0.0
44.555,-103.735,1,43.0,43.0,0.0
44.555,-103.725,1,43.0,43.0,0.0
44.555,-103.715,1,36.0,36.0,0.0
44.555,-103.705,1,33.5,33.5,0.0
44.555,-103.695,1,32.5,32.5,0.0
44.555,-103.685,1,33.0,33.0,0.0
44.555,-103.675,1,30.5,30.5,0.0
44.555,-103.665,1,27.5,27.5,0.0
44.555,-103.655,1,19.0,19.0,0.0
44.555,-103.645,1,16.5,16.5,0.0
44.555,-103.635,2,,,
44.555,-103.625,2,,,
44.555,-103.615,2,,,
44.555,-103.605,2,,,
44.555,-103.595,2,,,
44.555,-103.585,2,,,
44.555,-103.575,2,,,
44.555,-103.565,2,,,
44.555,-103.555,2,,,
44.555,-103.545,2,,,
44.555,-103.535,2,,,
44.555,-103.525,2,,,
44.555,-103.515,2,,,
44.555,-103.505,2,,,
44.555,-103.495,2,,,
44.555,-103.485,2,,,
44.555,-103.475,2,,,
44.555,-103.465,2,,,
44.555,-103.455,2,,,
44.545,-103.975,2,,,
44.545,-103.965,2,,,
44.545,-103.955,2,,,
44.545,-103.945,2,,,
44.545,-103.935,2,,,
44.545,-103.925,2,,,
44.545,-103.915,2,,,
44.545,-103.905,2,,,
44.545,-103.895,2,,,
44.545,-103.885,2,,,
44.545,-103.875,2,,,
44.545,-103.865,2,,,
44.545,-103.855,2,,,
44.545,-103.845,2,,,
44.545,-103.835,2,,,
44.545,-103.825,2,,,
44.545,-103.815,2,,,
44.545,-103.805,1,20.0,20.0,0.0
44.545,-103.795,1,36.5,36.5,0.0
44.545,-103.785,1,42.0,42.0,0.0
44.545,-103.775,1,42.5,42.5,0.0
44.545,-103.765,1,46.5,46.5,0.0
44.545,-103.755,1,43.5,43.5,0.0
44.545,-103.745,1,41.5,41.5,0.0
44.545,-103.735,1,41.5,41.5,0.0
44.545,-103.725,1,38.0,38.0,0.0
44.545,-103.715,1,24.0,24.0,0.0
44.545,-103.705,1,29.5,29.5,0.0
44.545,-103.695,1,27.5,27.5,0.0
44.545,-103.685,1,29.0,29.0,0.0
44.545,-103.675,1,21.0,21.0,0.0
44.545,-103.665,1,11.0,11.0,0.0
44.545,-103.655,1,8.0,8.0,0.0
44.545,-103.645,2,,,
44.545,-103.635,2,,,
44.545,-103.625,2,,,
44.545,-103.615,2,,,
44.545,-103.605,2,,,
44.545,-103.595,2,,,
44.545,-103.585,2,,,
44.545,-103.575,2,,,
44.545,-103.565,2,,,
44.545,-103.555,2,,,
44.545,-103.545,2,,,
44.545,-103.535,2,,,
44.545,-103.525,2,,,
44.545,-103.515,2,,,
44.545,-103.505,2,,,
44.545,-103.495,2,,,
44.545,-103.485,2,,,
44.545,-103.475,2,,,
44.545,-103.465,2,,,
44.545,-103.455,2,,,
44.535,-103.975,2,,,
44.535,-103.965,2,,,
44.535,-103.955,2,,,
44.535,-103.945,2,,,
44.535,-103.935,2,,,
44.535,-103.925,2,,,
44.535,-103.915,2,,,
44.535,-103.905,2,,,
44.535,-103.895,2,,,
44.535,-103.885,2,,,
44.535,-103.875,2,,,
44.535,-103.865,2,,,
44.535,-103.855,2,,,
44.535,-103.845,2,,,
44.535,-103.835,2,,,
44.535,-103.825,2,,,
44.535,-103.815,1,5.5,5.5,0.0
44.535,-103.805,1,16.5,16.5,0.0
44.535,-103.795,1,37.5,37.5,0.0
44.535,-103.785,1,42.0,42.0,0.0
44.535,-103.775,1,44.0,44.0,0.0
44.535,-103.765,1,42.0,42.0,0.0
44.535,-103.755,1,40.0,40.0,0.0
44.535,-103.745,1,46.0,46.0,0.0
44.535,-103.735,1,36.5,36.5,0.0
44.535,-103.725,1,34.0,34.0,0.0
44.535,-103.715,1,22.5,22.5,0.0
44.535,-103.705,1,19.5,19.5,0.0
44.535,-103.695,1,19.5,19.5,0.0
44.535,-103.685,1,18.5,18.5,0.0
44.535,-103.675,1,13.5,13.5,0.0
44.535,-103.665,2,,,
44.535,-103.655,2,,,
44.535,-103.645,2,,,
44.535,-103.635,2,,,
44.535,-103.625,2,,,
44.535,-103.615,2,,,
44.535,-103.605,2,,,
44.535,-103.595,2,,,
44.535,-103.585,2,,,
44.535,-103.575,2,,,
44.535,-103.565,2,,,
44.535,-103.555,2,,,
44.535,-103.545,2,,,
44.535,-103.535,2,,,
44.535,-103.525,2,,,
44.535,-103.515,2,,,
44.535,-103.505,2,,,
44.535,-103.495,2,,,
44.535,-103.485,2,,,
44.535,-103.475,2,,,
44.535,-103.465,2,,,
44.535,-103.455,2,,,
44.525,-103.975,2,,,
44.525,-103.965,2,,,
44.525,-103.955,2,,,
44.525,-103.945,2,,,
44.525,-103.935,2,,,
44.525,-103.925,2,,,
44.525,-103.915,2,,,
44.525,-103.905,2,,,
44.525,-103.895,2,,,
44.525,-103.885,2,,,
44.525,-103.875,2,,,
44.525,-103.865,2,,,
44.525,-103.855,2,,,
44.525,-103.845,2,,,
44.525,-103.835,2,,,
44.525,-103.825,1,12.5,12.5,0.0
44.525,-103.815,1,14.0,14.0,0.0
44.525,-103.805,1,14.0,14.0,0.0
44.525,-103.795,1,26.5,26.5,0.0
44.525,-103.785,1,42.0,42.0,0.0
44.525,-103.775,1,49.5,49.5,0.0
44.525,-103.765,1,51.5,51.5,0.0
44.525,-103.755,1,51.0,51.0,0.0
44.525,-103.745,1,47.5,47.5,0.0
44.525,-103.735,1,39.0,39.0,0.0
44.525,-103.725,1,27.5,27.5,0.0
44.525,-103.715,1,16.5,16.5,0.0
44.525,-103.705,1,17.0,17.0,0.0
44.525,-103.695,1,14.5,14.5,0.0
44.525,-103.685,1,12.0,12.0,0.0
44.525,-103.675,2,,,
44.525,-103.665,2,,,
44.525,-103.655,2,,,
44.525,-103.645,2,,,
44.525,-103.635,2,,,
44.525,-103.625,2,,,
44.525,-103.615,2,,,
44.525,-103.605,2,,,
44.525,-103.595,2,,,
44.525,-103.585,2,,,
44.525,-103.575,2,,,
44.525,-103.565,2,,,
44.525,-103.555,2,,,
44.525,-103.545,2,,,
44.525,-103.535,2,,,
44.525,-103.525,2,,,
44.525,-103.515,2,,,
44.525,-103.505,2,,,
44.525,-103.495,2,,,
44.525,-103.485,2,,,
44.525,-103.475,2,,,
44.525,-103.465,2,,,
44.525,-103.455,2,,,
44.515,-103.975,2,,,
44.515,-103.965,2,,,
44.515,-103.955,2,,,
44.515,-103.945,2,,,
44.515,-103.935,2,,,
44.515,-103.925,2,,,
44.515,-103.915,2,,,
44.515,-103.905,2,,,
44.515,-103.895,2,,,
44.515,-103.885,2,,,
44.515,-103.875,2,,,
44.515,-103.865,2,,,
44.515,-103.855,2,,,
44.515,-103.845,2,,,
44.515,-103.835,1,16.0,16.0,0.0
44.515,-103.825,1,20.0,20.0,0.0
44.515,-103.815,1,21.0,21.0,0.0
44.515,-103.805,1,21.5,21.5,0.0
44.515,-103.795,1,30.0,30.0,0.0
44.515,-103.785,1,45.0,45.0,0.0
44.515,-103.775,1,51.0,51.0,0.0
44.515,-103.765,1,50.5,50.5,0.0
44.515,-103.755,1,42.0,42.0,0.0
44.515,-103.745,1,42.0,42.0,0.0
44.515,-103.735,1,22.5,22.5,0.0
44.515,-103.725,1,15.0,15.0,0.0
44.515,-103.715,1,24.5,24.5,0.0
44.515,-103.705,1,20.0,20.0,0.0
44.515,-103.695,1,15.0,15.0,0.0
44.515,-103.685,1,10.5,10.5,0.0
44.515,-103.675,2,,,
44.515,-103.665,2,,,
44.515,-103.655,2,,,
44.515,-103.645,2,,,
44.515,-103.635,2,,,
44.515,-103.625,2,,,
44.515,-103.615,2,,,
44.515,-103.605,2,,,
44.515,-103.595,2,,,
44.515,-103.585,2,,,
44.515,-103.575,2,,,
44.515,-103.565,2,,,
44.515,-103.555,2,,,
44.515,-103.545,2,,,
44.515,-103.535,2,,,
44.515,-103.525,2,,,
44.515,-103.515,2,,,
44.515,-103.505,2,,,
44.515,-103.495,2,,,
44.515,-103.485,2,,,
44.515,-103.475,2,,,
44.515,-103.465,2,,,
44.515,-103.455,2,,,
44.505,-103.975,2,,,
44.505,-103.965,2,,,
44.505,-103.955,2,,,
44.505,-103.945,2,,,
44.505,-103.935,2,,,
44.505,-103.925,2,,,
44.505,-103.915,2,,,
44.505,-103.905,2,,,
44.505,-103.895,2,,,
44.505,-103.885,2,,,
44.505,-103.875,2,,,
44.505,-103.865,2,,,
44.505,-103.855,2,,,
44.505,-103.845,2,,,
44.505,-103.835,1,8.5,8.5,0.0
44.505,-103.825,1,10.0,10.0,0.0
44.505,-103.815,1,23.0,23.0,0.0
44.505,-103.805,1,24.5,24.5,0.0
44.505,-103.795,1,34.0,34.0,0.0
44.505,-103.785,1,44.5,44.5,0.0
44.505,-103.775,1,47.0,47.0,0.0
44.505,-103.765,1,25.0,25.0,0.0
44.505,-103.755,1,13.0,13.0,0.0
44.505,-103.745,1,9.0,9.0,0.0
44.505,-103.735,1,15.5,15.5,0.0
44.505,-103.725,1,21.5,21.5,0.0
44.505,-103.715,1,20.5,20.5,0.0
44.505,-103.705,1,15.0,15.0,0.0
44.505,-103.695,1,17.5,17.5,0.0
44.505,-103.685,1,11.0,11.0,0.0
44.505,-103.675,1,8.0,8.0,0.0
44.505,-103.665,2,,,
44.505,-103.655,2,,,
44.505,-103.645,2,,,
44.505,-103.635,2,,,
44.505,-103.625,2,,,
44.505,-103.615,2,,,
44.505,-103.605,2,,,
44.505,-103.595,2,,,
44.505,-103.585,2,,,
44.505,-103.575,2,,,
44.505,-103.565,2,,,
44.505,-103.555,2,,,
44.505,-103.545,2,,,
44.505,-103.535,2,,,
44.505,-103.525,2,,,
44.505,-103.515,2,,,
44.505,-103.505,2,,,
44.505,-103.495,2,,,
44.505,-103.485,2,,,
44.505,-103.475,2,,,
44.505,-103.465,2,,,
44.505,-103.455,2,,,
